id,station,date,prcp,tobs
306,USC00519397,2010-12-01,0.04,76.0
307,USC00519397,2010-12-03,0.0,74.0
308,USC00519397,2010-12-04,0.0,74.0
309,USC00519397,2010-12-06,0.0,64.0
310,USC00519397,2010-12-07,0.0,64.0
311,USC00519397,2010-12-08,0.0,67.0
312,USC00519397,2010-12-09,0.0,77.0
313,USC00519397,2010-12-10,1.58,66.0
314,USC00519397,2010-12-11,0.77,69.0
315,USC00519397,2010-12-12,0.0,68.0
316,USC00519397,2010-12-13,0.0,68.0
317,USC00519397,2010-12-14,0.0,71.0
318,USC00519397,2010-12-15,0.0,74.0
319,USC00519397,2010-12-16,0.0,67.0
320,USC00519397,2010-12-17,0.0,66.0
321,USC00519397,2010-12-18,0.0,69.0
322,USC00519397,2010-12-19,1.4,71.0
323,USC00519397,2010-12-23,0.0,70.0
324,USC00519397,2010-12-24,0.0,70.0
325,USC00519397,2010-12-26,,74.0
326,USC00519397,2010-12-27,0.13,74.0
327,USC00519397,2010-12-28,0.55,71.0
328,USC00519397,2010-12-29,0.06,75.0
329,USC00519397,2010-12-30,0.01,75.0
330,USC00519397,2010-12-31,0.0,72.0
644,USC00519397,2011-12-01,0.03,69.0
645,USC00519397,2011-12-02,0.08,68.0
646,USC00519397,2011-12-03,0.0,73.0
647,USC00519397,2011-12-04,0.0,74.0
648,USC00519397,2011-12-05,0.0,73.0
649,USC00519397,2011-12-06,0.0,73.0
650,USC00519397,2011-12-07,0.0,73.0
651,USC00519397,2011-12-08,0.0,73.0
652,USC00519397,2011-12-09,0.13,71.0
653,USC00519397,2011-12-10,0.07,73.0
654,USC00519397,2011-12-11,0.07,73.0
655,USC00519397,2011-12-12,0.08,77.0
656,USC00519397,2011-12-13,0.4,72.0
657,USC00519397,2011-12-14,0.7,71.0
658,USC00519397,2011-12-15,0.0,73.0
659,USC00519397,2011-12-16,0.01,70.0
660,USC00519397,2011-12-17,0.07,73.0
661,USC00519397,2011-12-18,0.02,69.0
662,USC00519397,2011-12-19,0.15,74.0
663,USC00519397,2011-12-20,0.02,72.0
664,USC00519397,2011-12-21,0.18,71.0
665,USC00519397,2011-12-22,0.03,72.0
666,USC00519397,2011-12-23,0.04,72.0
667,USC00519397,2011-12-24,0.1,70.0
668,USC00519397,2011-12-25,0.03,73.0
669,USC00519397,2011-12-26,0.0,73.0
670,USC00519397,2011-12-27,0.0,72.0
671,USC00519397,2011-12-28,0.0,73.0
672,USC00519397,2011-12-29,0.0,73.0
673,USC00519397,2011-12-30,0.0,72.0
674,USC00519397,2011-12-31,0.01,63.0
1007,USC00519397,2012-12-01,0.0,65.0
1008,USC00519397,2012-12-02,0.0,71.0
1009,USC00519397,2012-12-03,0.0,76.0
1010,USC00519397,2012-12-04,0.2,70.0
1011,USC00519397,2012-12-05,0.01,76.0
1012,USC00519397,2012-12-06,,69.0
1013,USC00519397,2012-12-07,,69.0
1014,USC00519397,2012-12-08,0.0,69.0
1015,USC00519397,2012-12-09,0.0,74.0
1016,USC00519397,2012-12-10,0.0,76.0
1017,USC00519397,2012-12-11,0.0,74.0
1018,USC00519397,2012-12-12,0.0,73.0
1019,USC00519397,2012-12-13,0.14,73.0
1020,USC00519397,2012-12-14,0.09,74.0
1021,USC00519397,2012-12-15,0.01,73.0
1022,USC00519397,2012-12-16,0.02,73.0
1023,USC00519397,2012-12-17,0.02,73.0
1024,USC00519397,2012-12-18,0.12,74.0
1025,USC00519397,2012-12-19,0.0,74.0
1026,USC00519397,2012-12-20,0.1,71.0
1027,USC00519397,2012-12-21,0.0,73.0
1028,USC00519397,2012-12-22,0.0,72.0
1029,USC00519397,2012-12-23,0.0,64.0
1030,USC00519397,2012-12-24,0.0,66.0
1031,USC00519397,2012-12-26,0.03,73.0
1032,USC00519397,2012-12-27,0.0,72.0
1033,USC00519397,2012-12-28,0.0,65.0
1034,USC00519397,2012-12-29,0.0,64.0
1035,USC00519397,2012-12-30,0.0,69.0
1036,USC00519397,2012-12-31,0.04,68.0
1371,USC00519397,2013-12-01,0.0,77.0
1372,USC00519397,2013-12-02,2.01,71.0
1373,USC00519397,2013-12-03,0.01,71.0
1374,USC00519397,2013-12-04,0.0,69.0
1375,USC00519397,2013-12-05,0.0,68.0
1376,USC00519397,2013-12-06,0.0,68.0
1377,USC00519397,2013-12-07,0.0,69.0
1378,USC00519397,2013-12-08,0.0,70.0
1379,USC00519397,2013-12-09,0.0,72.0
1380,USC00519397,2013-12-10,0.03,76.0
1381,USC00519397,2013-12-11,0.0,75.0
1382,USC00519397,2013-12-12,0.0,69.0
1383,USC00519397,2013-12-13,0.02,71.0
1384,USC00519397,2013-12-14,0.0,71.0
1385,USC00519397,2013-12-15,0.0,71.0
1386,USC00519397,2013-12-16,1.1,68.0
1387,USC00519397,2013-12-17,0.02,65.0
1388,USC00519397,2013-12-18,0.0,70.0
1389,USC00519397,2013-12-19,0.16,69.0
1390,USC00519397,2013-12-20,0.09,69.0
1391,USC00519397,2013-12-21,0.02,71.0
1392,USC00519397,2013-12-22,0.0,67.0
1393,USC00519397,2013-12-23,0.0,73.0
1394,USC00519397,2013-12-24,0.05,74.0
1395,USC00519397,2013-12-25,0.02,73.0
1396,USC00519397,2013-12-26,0.0,67.0
1397,USC00519397,2013-12-27,0.0,74.0
1398,USC00519397,2013-12-28,0.0,75.0
1399,USC00519397,2013-12-29,0.0,75.0
1400,USC00519397,2013-12-30,0.0,74.0
1401,USC00519397,2013-12-31,0.0,67.0
1734,USC00519397,2014-12-01,0.0,73.0
1735,USC00519397,2014-12-02,0.02,73.0
1736,USC00519397,2014-12-03,0.15,71.0
1737,USC00519397,2014-12-04,0.09,72.0
1738,USC00519397,2014-12-05,0.0,71.0
1739,USC00519397,2014-12-06,0.0,68.0
1740,USC00519397,2014-12-07,0.0,65.0
1741,USC00519397,2014-12-08,0.0,69.0
1742,USC00519397,2014-12-09,0.0,70.0
1743,USC00519397,2014-12-10,0.0,70.0
1744,USC00519397,2014-12-11,0.05,74.0
1745,USC00519397,2014-12-12,0.01,71.0
1746,USC00519397,2014-12-13,0.0,74.0
1747,USC00519397,2014-12-14,0.03,73.0
1748,USC00519397,2014-12-15,0.02,72.0
1749,USC00519397,2014-12-16,0.01,74.0
1750,USC00519397,2014-12-17,0.01,72.0
1751,USC00519397,2014-12-18,0.0,74.0
1752,USC00519397,2014-12-19,0.0,75.0
1753,USC00519397,2014-12-20,0.0,74.0
1754,USC00519397,2014-12-21,0.0,70.0
1755,USC00519397,2014-12-22,0.0,74.0
1756,USC00519397,2014-12-23,0.93,70.0
1757,USC00519397,2014-12-24,0.04,66.0
1758,USC00519397,2014-12-25,0.02,61.0
1759,USC00519397,2014-12-26,0.0,63.0
1760,USC00519397,2014-12-27,0.0,63.0
1761,USC00519397,2014-12-28,0.0,63.0
1762,USC00519397,2014-12-29,0.0,63.0
1763,USC00519397,2014-12-30,0.0,67.0
1764,USC00519397,2014-12-31,0.05,56.0
2098,USC00519397,2015-12-01,0.0,75.0
2099,USC00519397,2015-12-02,0.0,77.0
2100,USC00519397,2015-12-03,0.06,75.0
2101,USC00519397,2015-12-04,0.02,75.0
2102,USC00519397,2015-12-05,0.0,75.0
2103,USC00519397,2015-12-06,0.0,75.0
2104,USC00519397,2015-12-07,0.0,71.0
2105,USC00519397,2015-12-08,0.0,70.0
2106,USC00519397,2015-12-09,0.0,74.0
2107,USC00519397,2015-12-10,0.06,74.0
2108,USC00519397,2015-12-11,0.0,75.0
2109,USC00519397,2015-12-12,0.39,72.0
2110,USC00519397,2015-12-13,0.0,70.0
2111,USC00519397,2015-12-14,0.0,66.0
2112,USC00519397,2015-12-15,0.08,74.0
2113,USC00519397,2015-12-16,0.0,75.0
2114,USC00519397,2015-12-17,0.02,74.0
2115,USC00519397,2015-12-18,0.08,75.0
2116,USC00519397,2015-12-19,0.13,76.0
2117,USC00519397,2015-12-20,0.03,74.0
2118,USC00519397,2015-12-21,0.01,75.0
2119,USC00519397,2015-12-22,0.0,74.0
2120,USC00519397,2015-12-23,0.0,73.0
2121,USC00519397,2015-12-24,0.0,68.0
2122,USC00519397,2015-12-25,0.0,73.0
2123,USC00519397,2015-12-26,0.02,74.0
2124,USC00519397,2015-12-27,0.43,74.0
2125,USC00519397,2015-12-28,0.01,77.0
2126,USC00519397,2015-12-29,0.0,70.0
2127,USC00519397,2015-12-30,0.0,70.0
2128,USC00519397,2015-12-31,0.0,69.0
2464,USC00519397,2016-12-01,0.12,75.0
2465,USC00519397,2016-12-02,0.03,72.0
2466,USC00519397,2016-12-03,0.0,69.0
2467,USC00519397,2016-12-04,0.03,71.0
2468,USC00519397,2016-12-05,0.43,68.0
2469,USC00519397,2016-12-06,0.02,67.0
2470,USC00519397,2016-12-07,0.0,69.0
2471,USC00519397,2016-12-08,0.03,73.0
2472,USC00519397,2016-12-09,0.52,70.0
2473,USC00519397,2016-12-10,0.05,70.0
2474,USC00519397,2016-12-11,0.04,70.0
2475,USC00519397,2016-12-12,0.01,66.0
2476,USC00519397,2016-12-13,0.05,67.0
2477,USC00519397,2016-12-14,0.03,70.0
2478,USC00519397,2016-12-15,0.0,66.0
2479,USC00519397,2016-12-16,0.0,62.0
2480,USC00519397,2016-12-17,0.01,71.0
2481,USC00519397,2016-12-18,0.13,73.0
2482,USC00519397,2016-12-19,0.01,69.0
2483,USC00519397,2016-12-20,0.0,77.0
2484,USC00519397,2016-12-21,0.0,74.0
2485,USC00519397,2016-12-22,0.01,71.0
2486,USC00519397,2016-12-23,0.01,72.0
2487,USC00519397,2016-12-24,0.01,74.0
2488,USC00519397,2016-12-25,0.0,74.0
2489,USC00519397,2016-12-26,0.02,74.0
2490,USC00519397,2016-12-27,0.0,74.0
2491,USC00519397,2016-12-28,0.02,71.0
2492,USC00519397,2016-12-29,0.04,73.0
2493,USC00519397,2016-12-30,0.12,69.0
2494,USC00519397,2016-12-31,0.01,66.0
3056,USC00513117,2010-12-01,0.76,73.0
3057,USC00513117,2010-12-02,0.13,72.0
3058,USC00513117,2010-12-03,0.16,73.0
3059,USC00513117,2010-12-04,0.0,74.0
3060,USC00513117,2010-12-05,0.0,73.0
3061,USC00513117,2010-12-06,0.0,66.0
3062,USC00513117,2010-12-07,0.0,64.0
3063,USC00513117,2010-12-08,0.0,66.0
3064,USC00513117,2010-12-09,0.0,75.0
3065,USC00513117,2010-12-10,1.95,65.0
3066,USC00513117,2010-12-11,0.62,69.0
3067,USC00513117,2010-12-12,0.15,71.0
3068,USC00513117,2010-12-13,0.47,69.0
3069,USC00513117,2010-12-14,0.0,78.0
3070,USC00513117,2010-12-15,0.0,74.0
3071,USC00513117,2010-12-16,0.0,68.0
3072,USC00513117,2010-12-17,0.0,68.0
3073,USC00513117,2010-12-18,0.0,70.0
3074,USC00513117,2010-12-19,3.18,70.0
3075,USC00513117,2010-12-20,4.94,71.0
3076,USC00513117,2010-12-21,0.43,71.0
3077,USC00513117,2010-12-22,0.01,71.0
3078,USC00513117,2010-12-23,0.02,71.0
3079,USC00513117,2010-12-24,0.0,69.0
3080,USC00513117,2010-12-25,2.95,69.0
3081,USC00513117,2010-12-26,0.99,72.0
3082,USC00513117,2010-12-27,0.46,76.0
3083,USC00513117,2010-12-28,0.63,72.0
3084,USC00513117,2010-12-29,0.02,73.0
3085,USC00513117,2010-12-30,0.11,73.0
3086,USC00513117,2010-12-31,0.05,74.0
3405,USC00513117,2011-12-01,0.11,69.0
3406,USC00513117,2011-12-02,0.14,68.0
3407,USC00513117,2011-12-03,0.03,74.0
3408,USC00513117,2011-12-04,0.01,73.0
3409,USC00513117,2011-12-05,0.0,73.0
3410,USC00513117,2011-12-06,0.0,72.0
3411,USC00513117,2011-12-07,0.04,71.0
3412,USC00513117,2011-12-08,0.08,71.0
3413,USC00513117,2011-12-09,0.07,68.0
3414,USC00513117,2011-12-10,0.11,72.0
3415,USC00513117,2011-12-11,0.76,71.0
3416,USC00513117,2011-12-12,0.58,72.0
3417,USC00513117,2011-12-13,1.55,71.0
3418,USC00513117,2011-12-14,0.05,71.0
3419,USC00513117,2011-12-15,0.02,72.0
3420,USC00513117,2011-12-16,0.0,71.0
3421,USC00513117,2011-12-17,0.02,71.0
3422,USC00513117,2011-12-18,0.11,72.0
3423,USC00513117,2011-12-19,0.05,72.0
3424,USC00513117,2011-12-20,0.02,72.0
3425,USC00513117,2011-12-21,0.24,69.0
3426,USC00513117,2011-12-22,0.06,71.0
3427,USC00513117,2011-12-23,0.02,71.0
3428,USC00513117,2011-12-24,0.02,69.0
3429,USC00513117,2011-12-25,0.05,74.0
3430,USC00513117,2011-12-26,0.0,72.0
3431,USC00513117,2011-12-27,0.0,71.0
3432,USC00513117,2011-12-28,0.03,71.0
3433,USC00513117,2011-12-29,0.01,72.0
3434,USC00513117,2011-12-30,0.02,71.0
3435,USC00513117,2011-12-31,0.04,67.0
3768,USC00513117,2012-12-01,0.0,65.0
3769,USC00513117,2012-12-02,0.0,70.0
3770,USC00513117,2012-12-03,0.0,76.0
3771,USC00513117,2012-12-04,0.18,68.0
3772,USC00513117,2012-12-05,0.07,71.0
3773,USC00513117,2012-12-06,0.0,71.0
3774,USC00513117,2012-12-07,0.0,68.0
3775,USC00513117,2012-12-08,0.0,70.0
3776,USC00513117,2012-12-09,0.0,73.0
3777,USC00513117,2012-12-10,0.03,73.0
3778,USC00513117,2012-12-11,0.0,72.0
3779,USC00513117,2012-12-12,0.07,71.0
3780,USC00513117,2012-12-13,0.1,70.0
3781,USC00513117,2012-12-14,0.08,72.0
3782,USC00513117,2012-12-15,0.1,71.0
3783,USC00513117,2012-12-16,0.04,72.0
3784,USC00513117,2012-12-17,0.02,72.0
3785,USC00513117,2012-12-18,0.2,71.0
3786,USC00513117,2012-12-19,0.24,70.0
3787,USC00513117,2012-12-20,0.08,71.0
3788,USC00513117,2012-12-21,0.06,71.0
3789,USC00513117,2012-12-22,0.07,71.0
3790,USC00513117,2012-12-23,0.02,66.0
3791,USC00513117,2012-12-24,0.0,65.0
3792,USC00513117,2012-12-25,0.0,73.0
3793,USC00513117,2012-12-26,0.01,72.0
3794,USC00513117,2012-12-27,0.0,72.0
3795,USC00513117,2012-12-28,0.0,65.0
3796,USC00513117,2012-12-29,0.0,65.0
3797,USC00513117,2012-12-30,0.21,68.0
3798,USC00513117,2012-12-31,0.17,67.0
4130,USC00513117,2013-12-01,0.0,76.0
4131,USC00513117,2013-12-02,0.93,70.0
4132,USC00513117,2013-12-03,0.8,71.0
4133,USC00513117,2013-12-04,0.0,69.0
4134,USC00513117,2013-12-05,0.0,67.0
4135,USC00513117,2013-12-06,0.0,69.0
4136,USC00513117,2013-12-07,0.0,71.0
4137,USC00513117,2013-12-08,0.0,69.0
4138,USC00513117,2013-12-09,0.0,72.0
4139,USC00513117,2013-12-10,0.01,76.0
4140,USC00513117,2013-12-11,0.13,75.0
4141,USC00513117,2013-12-12,0.0,72.0
4142,USC00513117,2013-12-13,0.01,75.0
4143,USC00513117,2013-12-14,0.0,71.0
4144,USC00513117,2013-12-15,0.0,69.0
4145,USC00513117,2013-12-16,1.31,68.0
4146,USC00513117,2013-12-17,0.01,68.0
4147,USC00513117,2013-12-18,0.01,72.0
4148,USC00513117,2013-12-19,1.0,70.0
4149,USC00513117,2013-12-20,0.41,72.0
4150,USC00513117,2013-12-21,0.01,75.0
4151,USC00513117,2013-12-22,0.02,69.0
4152,USC00513117,2013-12-23,0.02,72.0
4153,USC00513117,2013-12-24,0.01,73.0
4154,USC00513117,2013-12-25,0.02,73.0
4155,USC00513117,2013-12-26,0.02,72.0
4156,USC00513117,2013-12-27,0.0,73.0
4157,USC00513117,2013-12-28,0.02,74.0
4158,USC00513117,2013-12-29,0.03,73.0
4159,USC00513117,2013-12-30,0.0,72.0
4160,USC00513117,2013-12-31,0.09,68.0
4489,USC00513117,2014-12-01,0.0,72.0
4490,USC00513117,2014-12-02,0.0,71.0
4491,USC00513117,2014-12-03,0.05,69.0
4492,USC00513117,2014-12-04,1.35,67.0
4493,USC00513117,2014-12-05,0.01,70.0
4494,USC00513117,2014-12-06,0.0,72.0
4495,USC00513117,2014-12-07,0.0,67.0
4496,USC00513117,2014-12-08,0.0,67.0
4497,USC00513117,2014-12-09,0.0,69.0
4498,USC00513117,2014-12-10,0.0,67.0
4499,USC00513117,2014-12-11,0.05,74.0
4500,USC00513117,2014-12-12,0.12,70.0
4501,USC00513117,2014-12-13,0.03,73.0
4502,USC00513117,2014-12-14,0.11,71.0
4503,USC00513117,2014-12-15,0.0,71.0
4504,USC00513117,2014-12-16,0.03,71.0
4505,USC00513117,2014-12-17,0.14,71.0
4506,USC00513117,2014-12-18,0.09,72.0
4507,USC00513117,2014-12-19,0.01,76.0
4508,USC00513117,2014-12-20,0.0,78.0
4509,USC00513117,2014-12-21,0.0,76.0
4510,USC00513117,2014-12-22,0.0,73.0
4511,USC00513117,2014-12-23,1.1,70.0
4512,USC00513117,2014-12-24,1.24,68.0
4513,USC00513117,2014-12-25,0.09,77.0
4514,USC00513117,2014-12-26,0.0,66.0
4515,USC00513117,2014-12-27,0.0,65.0
4516,USC00513117,2014-12-28,0.0,69.0
4517,USC00513117,2014-12-29,0.0,69.0
4518,USC00513117,2014-12-30,0.0,66.0
4519,USC00513117,2014-12-31,0.72,64.0
4826,USC00513117,2015-12-02,0.03,74.0
4827,USC00513117,2015-12-03,0.08,75.0
4828,USC00513117,2015-12-04,0.01,80.0
4829,USC00513117,2015-12-05,0.28,72.0
4830,USC00513117,2015-12-06,0.52,73.0
4831,USC00513117,2015-12-07,0.0,70.0
4832,USC00513117,2015-12-08,0.08,69.0
4833,USC00513117,2015-12-09,0.1,77.0
4834,USC00513117,2015-12-10,0.08,74.0
4835,USC00513117,2015-12-11,0.0,77.0
4836,USC00513117,2015-12-12,0.62,72.0
4837,USC00513117,2015-12-13,0.0,69.0
4838,USC00513117,2015-12-14,0.69,69.0
4839,USC00513117,2015-12-15,0.24,75.0
4840,USC00513117,2015-12-16,0.08,75.0
4841,USC00513117,2015-12-17,0.13,72.0
4842,USC00513117,2015-12-18,0.28,73.0
4843,USC00513117,2015-12-19,0.36,78.0
4844,USC00513117,2015-12-20,0.2,75.0
4845,USC00513117,2015-12-21,0.03,75.0
4846,USC00513117,2015-12-22,0.01,74.0
4847,USC00513117,2015-12-23,0.11,73.0
4848,USC00513117,2015-12-24,0.0,70.0
4849,USC00513117,2015-12-25,0.52,70.0
4850,USC00513117,2015-12-26,0.19,72.0
4851,USC00513117,2015-12-27,0.25,74.0
4852,USC00513117,2015-12-28,0.4,74.0
4853,USC00513117,2015-12-29,0.11,67.0
4854,USC00513117,2015-12-30,0.03,74.0
4855,USC00513117,2015-12-31,0.06,70.0
5191,USC00513117,2016-12-01,0.33,73.0
5192,USC00513117,2016-12-02,0.3,71.0
5193,USC00513117,2016-12-03,0.04,71.0
5194,USC00513117,2016-12-04,0.1,69.0
5195,USC00513117,2016-12-05,0.34,68.0
5196,USC00513117,2016-12-06,0.02,70.0
5197,USC00513117,2016-12-07,0.17,71.0
5198,USC00513117,2016-12-08,0.03,72.0
5199,USC00513117,2016-12-09,0.34,70.0
5200,USC00513117,2016-12-10,0.02,71.0
5201,USC00513117,2016-12-11,0.02,72.0
5202,USC00513117,2016-12-12,0.01,68.0
5203,USC00513117,2016-12-13,0.1,68.0
5204,USC00513117,2016-12-14,0.05,70.0
5205,USC00513117,2016-12-15,0.02,70.0
5206,USC00513117,2016-12-16,0.01,63.0
5207,USC00513117,2016-12-17,0.11,71.0
5208,USC00513117,2016-12-18,0.29,67.0
5209,USC00513117,2016-12-19,0.21,69.0
5210,USC00513117,2016-12-20,0.02,74.0
5211,USC00513117,2016-12-21,0.03,72.0
5212,USC00513117,2016-12-22,0.17,70.0
5213,USC00513117,2016-12-23,0.1,69.0
5214,USC00513117,2016-12-24,0.14,73.0
5215,USC00513117,2016-12-25,0.03,74.0
5216,USC00513117,2016-12-26,0.26,74.0
5217,USC00513117,2016-12-27,0.03,73.0
5218,USC00513117,2016-12-28,0.09,71.0
5219,USC00513117,2016-12-29,0.18,72.0
5220,USC00513117,2016-12-30,0.21,69.0
5221,USC00513117,2016-12-31,0.62,71.0
5692,USC00514830,2010-12-01,0.03,73.0
5693,USC00514830,2010-12-02,0.06,73.0
5694,USC00514830,2010-12-03,0.22,71.0
5695,USC00514830,2010-12-04,0.0,72.0
5696,USC00514830,2010-12-05,0.0,71.0
5697,USC00514830,2010-12-06,0.0,64.0
5698,USC00514830,2010-12-07,0.0,71.0
5699,USC00514830,2010-12-08,0.0,62.0
5700,USC00514830,2010-12-09,0.12,70.0
5701,USC00514830,2010-12-10,2.01,64.0
5702,USC00514830,2010-12-11,0.26,64.0
5703,USC00514830,2010-12-12,0.01,70.0
5704,USC00514830,2010-12-13,0.65,70.0
5705,USC00514830,2010-12-14,0.0,69.0
5706,USC00514830,2010-12-15,0.0,72.0
5707,USC00514830,2010-12-16,0.0,68.0
5708,USC00514830,2010-12-17,0.0,68.0
5709,USC00514830,2010-12-18,0.0,65.0
5710,USC00514830,2010-12-19,2.43,67.0
5711,USC00514830,2010-12-20,2.55,68.0
5712,USC00514830,2010-12-21,0.49,70.0
5713,USC00514830,2010-12-22,0.05,67.0
5714,USC00514830,2010-12-23,0.02,73.0
5715,USC00514830,2010-12-24,0.0,70.0
5716,USC00514830,2010-12-26,,68.0
5717,USC00514830,2010-12-27,0.15,72.0
5718,USC00514830,2010-12-28,0.96,69.0
5719,USC00514830,2010-12-29,0.01,71.0
5720,USC00514830,2010-12-30,0.05,70.0
5721,USC00514830,2010-12-31,0.0,75.0
5988,USC00514830,2011-12-01,0.04,70.0
5989,USC00514830,2011-12-02,0.24,68.0
5990,USC00514830,2011-12-03,0.02,73.0
5991,USC00514830,2011-12-04,0.0,71.0
5992,USC00514830,2011-12-05,0.0,71.0
5993,USC00514830,2011-12-06,0.0,70.0
5994,USC00514830,2011-12-07,0.04,70.0
5995,USC00514830,2011-12-08,0.0,70.0
5996,USC00514830,2011-12-09,0.02,70.0
5997,USC00514830,2011-12-10,0.36,72.0
5998,USC00514830,2011-12-12,,74.0
5999,USC00514830,2011-12-13,0.47,71.0
6000,USC00514830,2011-12-14,0.1,70.0
6001,USC00514830,2011-12-15,0.04,70.0
6002,USC00514830,2011-12-16,0.07,69.0
6003,USC00514830,2011-12-18,,71.0
6004,USC00514830,2011-12-19,0.16,70.0
6005,USC00514830,2011-12-20,0.05,70.0
6006,USC00514830,2011-12-21,0.25,72.0
6007,USC00514830,2011-12-22,0.12,72.0
6008,USC00514830,2011-12-24,,72.0
6009,USC00514830,2011-12-26,,72.0
6010,USC00514830,2011-12-27,0.03,72.0
6011,USC00514830,2011-12-29,,70.0
6012,USC00514830,2011-12-30,0.0,66.0
6013,USC00514830,2011-12-31,0.08,71.0
6241,USC00514830,2012-12-01,0.0,68.0
6242,USC00514830,2012-12-03,,79.0
6243,USC00514830,2012-12-04,0.0,76.0
6244,USC00514830,2012-12-05,0.08,73.0
6245,USC00514830,2012-12-06,0.0,75.0
6246,USC00514830,2012-12-07,0.0,71.0
6247,USC00514830,2012-12-10,,76.0
6248,USC00514830,2012-12-11,0.0,74.0
6249,USC00514830,2012-12-12,0.03,73.0
6250,USC00514830,2012-12-13,0.25,73.0
6251,USC00514830,2012-12-14,0.22,74.0
6252,USC00514830,2012-12-17,,73.0
6253,USC00514830,2012-12-18,0.22,72.0
6254,USC00514830,2012-12-19,0.29,76.0
6255,USC00514830,2012-12-21,,75.0
6256,USC00514830,2012-12-22,0.0,77.0
6257,USC00514830,2012-12-24,,74.0
6258,USC00514830,2012-12-26,,76.0
6259,USC00514830,2012-12-28,,75.0
6260,USC00514830,2012-12-31,,76.0
6515,USC00514830,2013-12-02,,73.0
6516,USC00514830,2013-12-03,0.2,75.0
6517,USC00514830,2013-12-04,0.0,73.0
6518,USC00514830,2013-12-05,0.0,73.0
6519,USC00514830,2013-12-06,0.05,74.0
6520,USC00514830,2013-12-07,0.04,78.0
6521,USC00514830,2013-12-08,0.0,78.0
6522,USC00514830,2013-12-09,0.0,78.0
6523,USC00514830,2013-12-10,0.05,75.0
6524,USC00514830,2013-12-11,0.0,75.0
6525,USC00514830,2013-12-12,0.0,75.0
6526,USC00514830,2013-12-13,0.07,74.0
6527,USC00514830,2013-12-14,0.0,77.0
6528,USC00514830,2013-12-16,,72.0
6529,USC00514830,2013-12-17,0.0,72.0
6530,USC00514830,2013-12-18,0.02,73.0
6531,USC00514830,2013-12-19,0.52,71.0
6532,USC00514830,2013-12-20,0.1,75.0
6533,USC00514830,2013-12-21,0.07,76.0
6534,USC00514830,2013-12-23,,74.0
6535,USC00514830,2013-12-24,0.0,75.0
6536,USC00514830,2013-12-26,,74.0
6537,USC00514830,2013-12-27,0.03,75.0
6538,USC00514830,2013-12-28,0.01,73.0
6539,USC00514830,2013-12-29,0.0,72.0
6540,USC00514830,2013-12-30,0.0,72.0
6541,USC00514830,2013-12-31,0.23,75.0
6806,USC00514830,2014-12-01,0.0,74.0
6807,USC00514830,2014-12-02,0.0,74.0
6808,USC00514830,2014-12-03,0.24,72.0
6809,USC00514830,2014-12-04,1.51,73.0
6810,USC00514830,2014-12-05,0.26,70.0
6811,USC00514830,2014-12-06,0.48,76.0
6812,USC00514830,2014-12-08,,78.0
6813,USC00514830,2014-12-09,0.0,76.0
6814,USC00514830,2014-12-10,0.0,78.0
6815,USC00514830,2014-12-11,0.1,74.0
6816,USC00514830,2014-12-12,0.07,71.0
6817,USC00514830,2014-12-13,0.0,78.0
6818,USC00514830,2014-12-15,,70.0
6819,USC00514830,2014-12-16,0.0,74.0
6820,USC00514830,2014-12-17,0.01,74.0
6821,USC00514830,2014-12-18,0.03,75.0
6822,USC00514830,2014-12-19,0.01,76.0
6823,USC00514830,2014-12-20,0.0,78.0
6824,USC00514830,2014-12-22,,72.0
6825,USC00514830,2014-12-23,0.58,73.0
6826,USC00514830,2014-12-25,,76.0
6827,USC00514830,2014-12-29,,72.0
6828,USC00514830,2014-12-31,,72.0
7099,USC00514830,2015-12-01,0.0,78.0
7100,USC00514830,2015-12-02,0.0,76.0
7101,USC00514830,2015-12-03,0.17,76.0
7102,USC00514830,2015-12-04,0.03,77.0
7103,USC00514830,2015-12-07,,79.0
7104,USC00514830,2015-12-08,0.05,73.0
7105,USC00514830,2015-12-09,0.02,79.0
7106,USC00514830,2015-12-10,0.12,77.0
7107,USC00514830,2015-12-11,0.03,78.0
7108,USC00514830,2015-12-12,0.17,76.0
7109,USC00514830,2015-12-13,0.0,78.0
7110,USC00514830,2015-12-14,0.05,77.0
7111,USC00514830,2015-12-15,0.0,79.0
7112,USC00514830,2015-12-16,0.05,75.0
7113,USC00514830,2015-12-17,0.13,77.0
7114,USC00514830,2015-12-18,0.08,76.0
7115,USC00514830,2015-12-19,0.18,78.0
7116,USC00514830,2015-12-21,,78.0
7117,USC00514830,2015-12-22,0.13,77.0
7118,USC00514830,2015-12-23,0.1,78.0
7119,USC00514830,2015-12-25,,78.0
7120,USC00514830,2015-12-27,,76.0
7121,USC00514830,2015-12-28,0.21,75.0
7122,USC00514830,2015-12-29,0.01,72.0
7413,USC00514830,2016-12-01,0.07,75.0
7414,USC00514830,2016-12-02,0.4,77.0
7415,USC00514830,2016-12-03,0.26,75.0
7416,USC00514830,2016-12-04,0.0,77.0
7417,USC00514830,2016-12-05,0.2,76.0
7418,USC00514830,2016-12-07,,76.0
7419,USC00514830,2016-12-08,0.02,75.0
7420,USC00514830,2016-12-09,0.26,72.0
7421,USC00514830,2016-12-10,0.0,76.0
7422,USC00514830,2016-12-12,,75.0
7423,USC00514830,2016-12-13,0.34,72.0
7424,USC00514830,2016-12-14,0.12,72.0
7425,USC00514830,2016-12-15,0.07,75.0
7426,USC00514830,2016-12-16,0.0,69.0
7427,USC00514830,2016-12-17,0.0,75.0
7428,USC00514830,2016-12-18,0.04,74.0
7429,USC00514830,2016-12-19,0.0,78.0
7430,USC00514830,2016-12-20,0.0,77.0
7431,USC00514830,2016-12-21,0.09,76.0
7432,USC00514830,2016-12-22,0.05,72.0
7433,USC00514830,2016-12-23,0.03,73.0
7434,USC00514830,2016-12-24,0.13,74.0
7435,USC00514830,2016-12-26,,74.0
7436,USC00514830,2016-12-27,0.02,74.0
7437,USC00514830,2016-12-28,0.01,73.0
7438,USC00514830,2016-12-29,0.56,73.0
7439,USC00514830,2016-12-30,0.29,71.0
7440,USC00514830,2016-12-31,0.36,72.0
7766,USC00517948,2010-12-01,0.7,72.0
7767,USC00517948,2010-12-02,0.26,75.0
7768,USC00517948,2010-12-06,0.0,66.0
7769,USC00517948,2010-12-07,0.0,66.0
7770,USC00517948,2010-12-08,0.0,67.0
7771,USC00517948,2010-12-09,0.02,76.0
7772,USC00517948,2010-12-10,1.75,68.0
7773,USC00517948,2010-12-13,0.0,69.0
7774,USC00517948,2010-12-14,0.0,71.0
7775,USC00517948,2010-12-15,0.0,70.0
7776,USC00517948,2010-12-16,0.0,68.0
7777,USC00517948,2010-12-17,0.0,66.0
7972,USC00517948,2011-12-01,0.0,69.0
7973,USC00517948,2011-12-02,0.0,69.0
7974,USC00517948,2011-12-05,0.0,71.0
7975,USC00517948,2011-12-06,0.0,72.0
7976,USC00517948,2011-12-07,0.07,69.0
7977,USC00517948,2011-12-08,0.05,72.0
7978,USC00517948,2011-12-09,0.16,70.0
7979,USC00517948,2011-12-12,,76.0
7980,USC00517948,2011-12-13,2.8,69.0
7981,USC00517948,2011-12-14,0.86,71.0
7982,USC00517948,2011-12-15,0.02,72.0
7983,USC00517948,2011-12-16,,71.0
8121,USC00517948,2012-12-03,0.0,78.0
8122,USC00517948,2012-12-04,0.0,73.0
8123,USC00517948,2012-12-05,0.02,74.0
8124,USC00517948,2012-12-06,,68.0
8125,USC00517948,2012-12-07,,71.0
8126,USC00517948,2012-12-10,0.0,76.0
8127,USC00517948,2012-12-11,0.0,75.0
8128,USC00517948,2012-12-12,0.0,74.0
8129,USC00517948,2012-12-13,0.04,73.0
8130,USC00517948,2012-12-14,0.07,73.0
8131,USC00517948,2012-12-27,,74.0
8132,USC00517948,2012-12-28,,69.0
8310,USC00517948,2013-12-02,,74.0
8311,USC00517948,2013-12-03,,72.0
8312,USC00517948,2013-12-04,,70.0
8313,USC00517948,2013-12-05,0.0,67.0
8314,USC00517948,2013-12-06,0.02,69.0
8315,USC00517948,2013-12-09,,73.0
8316,USC00517948,2013-12-10,0.0,75.0
8317,USC00517948,2013-12-11,0.0,74.0
8318,USC00517948,2013-12-12,0.0,72.0
8319,USC00517948,2013-12-13,0.0,71.0
8320,USC00517948,2013-12-16,,67.0
8321,USC00517948,2013-12-17,0.02,74.0
8322,USC00517948,2013-12-18,,70.0
8323,USC00517948,2013-12-19,,70.0
8324,USC00517948,2013-12-20,,70.0
8325,USC00517948,2013-12-23,,71.0
8326,USC00517948,2013-12-24,,70.0
8327,USC00517948,2013-12-26,,71.0
8328,USC00517948,2013-12-27,0.0,71.0
8329,USC00517948,2013-12-28,,68.0
8505,USC00517948,2014-12-01,0.28,74.0
8506,USC00517948,2014-12-02,0.0,75.0
8507,USC00517948,2014-12-03,0.05,74.0
8508,USC00517948,2014-12-04,0.15,77.0
8509,USC00517948,2014-12-05,,76.0
8510,USC00517948,2014-12-08,,77.0
8511,USC00517948,2014-12-09,,75.0
8512,USC00517948,2014-12-10,0.0,76.0
8513,USC00517948,2014-12-11,0.06,75.0
8514,USC00517948,2014-12-15,0.1,77.0
8515,USC00517948,2014-12-16,,75.0
8516,USC00517948,2014-12-17,,77.0
8517,USC00517948,2014-12-18,,74.0
8518,USC00517948,2014-12-19,,78.0
8519,USC00517948,2014-12-22,0.04,77.0
8520,USC00517948,2014-12-23,0.1,76.0
8521,USC00517948,2014-12-24,0.02,69.0
8522,USC00517948,2014-12-26,0.0,70.0
8523,USC00517948,2014-12-29,,64.0
8524,USC00517948,2014-12-30,0.0,75.0
8680,USC00517948,2015-12-01,,69.0
8681,USC00517948,2015-12-02,0.28,65.0
8682,USC00517948,2015-12-03,,76.0
8683,USC00517948,2015-12-04,,81.0
8684,USC00517948,2015-12-08,,71.0
8685,USC00517948,2015-12-09,,71.0
8686,USC00517948,2015-12-10,,71.0
8687,USC00517948,2015-12-16,,82.0
8688,USC00517948,2015-12-17,,74.0
8689,USC00517948,2015-12-18,0.11,75.0
8690,USC00517948,2015-12-24,,77.0
8691,USC00517948,2015-12-27,,74.0
8692,USC00517948,2015-12-28,,68.0
8881,USC00517948,2016-12-01,,72.0
8882,USC00517948,2016-12-02,,70.0
8883,USC00517948,2016-12-05,,68.0
8884,USC00517948,2016-12-06,,74.0
8885,USC00517948,2016-12-07,,71.0
8886,USC00517948,2016-12-08,0.27,70.0
8887,USC00517948,2016-12-09,,70.0
8888,USC00517948,2016-12-12,0.02,70.0
8889,USC00517948,2016-12-13,,68.0
8890,USC00517948,2016-12-14,,68.0
8891,USC00517948,2016-12-15,,68.0
8892,USC00517948,2016-12-16,,66.0
8893,USC00517948,2016-12-19,,71.0
8894,USC00517948,2016-12-20,,76.0
8895,USC00517948,2016-12-21,0.06,73.0
8896,USC00517948,2016-12-22,,70.0
8897,USC00517948,2016-12-23,,68.0
8898,USC00517948,2016-12-28,,71.0
8899,USC00517948,2016-12-29,,71.0
8900,USC00517948,2016-12-30,,68.0
9228,USC00518838,2010-12-02,,71.0
9229,USC00518838,2010-12-03,0.78,70.0
9230,USC00518838,2010-12-05,,73.0
9231,USC00518838,2010-12-06,0.02,78.0
9232,USC00518838,2010-12-07,0.02,76.0
9233,USC00518838,2010-12-08,0.33,73.0
9234,USC00518838,2010-12-09,1.43,74.0
9235,USC00518838,2010-12-10,2.5,63.0
9236,USC00518838,2010-12-11,1.5,72.0
9237,USC00518838,2010-12-13,,75.0
9238,USC00518838,2010-12-14,0.13,74.0
9239,USC00518838,2010-12-15,0.1,72.0
9240,USC00518838,2010-12-16,0.05,68.0
9438,USC00518838,2012-12-03,,74.0
9439,USC00518838,2012-12-06,,73.0
9483,USC00518838,2013-12-17,,73.0
9484,USC00518838,2013-12-19,,72.0
9485,USC00518838,2013-12-20,0.16,73.0
9486,USC00518838,2013-12-23,,72.0
9850,USC00519523,2010-12-01,0.03,78.0
9851,USC00519523,2010-12-02,0.02,74.0
9852,USC00519523,2010-12-03,0.01,74.0
9853,USC00519523,2010-12-04,0.0,78.0
9854,USC00519523,2010-12-05,0.0,78.0
9855,USC00519523,2010-12-06,0.0,61.0
9856,USC00519523,2010-12-07,0.0,69.0
9857,USC00519523,2010-12-08,0.15,65.0
9858,USC00519523,2010-12-09,0.03,77.0
9859,USC00519523,2010-12-10,2.02,67.0
9860,USC00519523,2010-12-11,0.3,69.0
9861,USC00519523,2010-12-12,0.09,75.0
9862,USC00519523,2010-12-13,0.02,67.0
9863,USC00519523,2010-12-14,0.04,71.0
9864,USC00519523,2010-12-15,0.0,74.0
9865,USC00519523,2010-12-16,0.0,66.0
9866,USC00519523,2010-12-17,0.0,66.0
9867,USC00519523,2010-12-18,0.0,77.0
9868,USC00519523,2010-12-19,2.86,70.0
9869,USC00519523,2010-12-20,4.95,73.0
9870,USC00519523,2010-12-21,0.63,71.0
9871,USC00519523,2010-12-22,0.58,71.0
9872,USC00519523,2010-12-23,0.11,71.0
9873,USC00519523,2010-12-24,0.02,67.0
9874,USC00519523,2010-12-25,0.02,71.0
9875,USC00519523,2010-12-26,0.74,74.0
9876,USC00519523,2010-12-27,0.09,76.0
9877,USC00519523,2010-12-28,0.07,72.0
9878,USC00519523,2010-12-29,0.04,74.0
9879,USC00519523,2010-12-30,0.27,75.0
9880,USC00519523,2010-12-31,0.01,69.0
10212,USC00519523,2011-12-01,0.12,69.0
10213,USC00519523,2011-12-02,0.42,69.0
10214,USC00519523,2011-12-03,0.02,75.0
10215,USC00519523,2011-12-04,0.0,73.0
10216,USC00519523,2011-12-05,0.0,73.0
10217,USC00519523,2011-12-06,0.01,72.0
10218,USC00519523,2011-12-07,0.0,72.0
10219,USC00519523,2011-12-08,0.0,72.0
10220,USC00519523,2011-12-09,0.08,74.0
10221,USC00519523,2011-12-10,0.07,72.0
10222,USC00519523,2011-12-11,0.55,73.0
10223,USC00519523,2011-12-12,0.21,73.0
10224,USC00519523,2011-12-13,0.39,73.0
10225,USC00519523,2011-12-14,0.02,73.0
10226,USC00519523,2011-12-15,0.09,74.0
10227,USC00519523,2011-12-16,0.02,73.0
10228,USC00519523,2011-12-17,0.25,71.0
10229,USC00519523,2011-12-18,0.08,72.0
10230,USC00519523,2011-12-19,0.1,73.0
10231,USC00519523,2011-12-20,0.24,74.0
10232,USC00519523,2011-12-21,0.19,72.0
10233,USC00519523,2011-12-22,0.02,73.0
10234,USC00519523,2011-12-23,0.01,73.0
10235,USC00519523,2011-12-24,0.1,71.0
10236,USC00519523,2011-12-25,0.07,73.0
10237,USC00519523,2011-12-26,0.05,75.0
10238,USC00519523,2011-12-27,0.04,71.0
10239,USC00519523,2011-12-28,0.0,72.0
10240,USC00519523,2011-12-29,0.01,73.0
10241,USC00519523,2011-12-30,0.0,71.0
10242,USC00519523,2011-12-31,0.0,65.0
10577,USC00519523,2012-12-01,0.0,77.0
10578,USC00519523,2012-12-02,0.0,72.0
10579,USC00519523,2012-12-03,0.0,78.0
10580,USC00519523,2012-12-04,0.08,71.0
10581,USC00519523,2012-12-05,1.02,72.0
10582,USC00519523,2012-12-06,0.01,71.0
10583,USC00519523,2012-12-07,0.0,72.0
10584,USC00519523,2012-12-08,0.0,76.0
10585,USC00519523,2012-12-09,0.0,75.0
10586,USC00519523,2012-12-10,0.0,75.0
10587,USC00519523,2012-12-11,0.0,76.0
10588,USC00519523,2012-12-12,0.04,73.0
10589,USC00519523,2012-12-13,0.13,72.0
10590,USC00519523,2012-12-14,0.09,74.0
10591,USC00519523,2012-12-15,0.12,74.0
10592,USC00519523,2012-12-16,0.04,74.0
10593,USC00519523,2012-12-17,0.09,73.0
10594,USC00519523,2012-12-18,0.22,77.0
10595,USC00519523,2012-12-19,0.04,73.0
10596,USC00519523,2012-12-20,0.1,70.0
10597,USC00519523,2012-12-21,0.02,72.0
10598,USC00519523,2012-12-22,0.0,76.0
10599,USC00519523,2012-12-23,0.0,65.0
10600,USC00519523,2012-12-24,0.0,74.0
10601,USC00519523,2012-12-25,0.1,73.0
10602,USC00519523,2012-12-26,0.03,77.0
10603,USC00519523,2012-12-27,0.0,76.0
10604,USC00519523,2012-12-28,0.0,69.0
10605,USC00519523,2012-12-29,0.0,78.0
10606,USC00519523,2012-12-30,0.03,76.0
10607,USC00519523,2012-12-31,0.0,68.0
10928,USC00519523,2013-12-01,0.09,76.0
10929,USC00519523,2013-12-02,2.25,68.0
10930,USC00519523,2013-12-03,0.09,79.0
10931,USC00519523,2013-12-04,0.0,69.0
10932,USC00519523,2013-12-05,0.0,64.0
10933,USC00519523,2013-12-06,0.0,70.0
10934,USC00519523,2013-12-07,0.0,69.0
10935,USC00519523,2013-12-08,0.0,73.0
10936,USC00519523,2013-12-09,0.0,70.0
10937,USC00519523,2013-12-10,0.03,74.0
10938,USC00519523,2013-12-11,0.0,76.0
10939,USC00519523,2013-12-12,0.02,76.0
10940,USC00519523,2013-12-13,0.02,69.0
10941,USC00519523,2013-12-14,0.0,73.0
10942,USC00519523,2013-12-15,0.1,73.0
10943,USC00519523,2013-12-16,0.88,65.0
10944,USC00519523,2013-12-17,0.0,70.0
10945,USC00519523,2013-12-18,0.0,72.0
10946,USC00519523,2013-12-19,0.35,72.0
10947,USC00519523,2013-12-20,0.01,75.0
10948,USC00519523,2013-12-21,0.0,74.0
10949,USC00519523,2013-12-22,0.01,69.0
10950,USC00519523,2013-12-23,0.08,73.0
10951,USC00519523,2013-12-24,0.04,75.0
10952,USC00519523,2013-12-25,0.0,76.0
10953,USC00519523,2013-12-26,0.0,74.0
10954,USC00519523,2013-12-27,0.0,73.0
10955,USC00519523,2013-12-28,0.06,74.0
10956,USC00519523,2013-12-29,0.16,71.0
10957,USC00519523,2013-12-30,0.01,72.0
10958,USC00519523,2013-12-31,0.17,73.0
11262,USC00519523,2014-12-01,0.0,72.0
11263,USC00519523,2014-12-02,0.0,72.0
11264,USC00519523,2014-12-03,0.02,73.0
11265,USC00519523,2014-12-04,1.02,72.0
11266,USC00519523,2014-12-05,0.0,75.0
11267,USC00519523,2014-12-06,0.0,76.0
11268,USC00519523,2014-12-07,0.0,67.0
11269,USC00519523,2014-12-08,0.0,69.0
11270,USC00519523,2014-12-09,0.0,70.0
11271,USC00519523,2014-12-10,0.0,75.0
11272,USC00519523,2014-12-11,0.16,74.0
11273,USC00519523,2014-12-12,0.08,71.0
11274,USC00519523,2014-12-13,0.11,74.0
11275,USC00519523,2014-12-14,0.2,71.0
11276,USC00519523,2014-12-15,0.05,72.0
11277,USC00519523,2014-12-16,0.05,74.0
11278,USC00519523,2014-12-17,0.09,75.0
11279,USC00519523,2014-12-18,0.0,73.0
11280,USC00519523,2014-12-19,0.0,75.0
11281,USC00519523,2014-12-20,0.0,76.0
11282,USC00519523,2014-12-22,,68.0
11283,USC00519523,2014-12-23,1.52,71.0
11284,USC00519523,2014-12-24,1.01,68.0
11285,USC00519523,2014-12-25,0.53,66.0
11286,USC00519523,2014-12-26,0.0,63.0
11287,USC00519523,2014-12-27,0.0,62.0
11288,USC00519523,2014-12-28,0.0,67.0
11289,USC00519523,2014-12-29,0.0,68.0
11290,USC00519523,2014-12-30,0.0,63.0
11291,USC00519523,2014-12-31,0.63,56.0
11607,USC00519523,2015-12-02,,76.0
11608,USC00519523,2015-12-03,0.03,75.0
11609,USC00519523,2015-12-04,0.0,74.0
11610,USC00519523,2015-12-05,0.0,76.0
11611,USC00519523,2015-12-07,,69.0
11612,USC00519523,2015-12-08,0.04,71.0
11613,USC00519523,2015-12-09,0.13,72.0
11614,USC00519523,2015-12-10,0.14,74.0
11615,USC00519523,2015-12-11,0.06,75.0
11616,USC00519523,2015-12-12,0.41,72.0
11617,USC00519523,2015-12-13,0.01,78.0
11618,USC00519523,2015-12-14,0.03,69.0
11619,USC00519523,2015-12-15,0.28,75.0
11620,USC00519523,2015-12-16,0.0,75.0
11621,USC00519523,2015-12-17,0.06,74.0
11622,USC00519523,2015-12-18,0.12,74.0
11623,USC00519523,2015-12-19,0.24,76.0
11624,USC00519523,2015-12-20,0.04,73.0
11625,USC00519523,2015-12-22,,75.0
11626,USC00519523,2015-12-23,0.0,75.0
11627,USC00519523,2015-12-24,0.0,74.0
11628,USC00519523,2015-12-25,0.23,79.0
11629,USC00519523,2015-12-26,0.15,75.0
11630,USC00519523,2015-12-27,0.48,76.0
11631,USC00519523,2015-12-28,0.05,76.0
11632,USC00519523,2015-12-29,0.01,69.0
11633,USC00519523,2015-12-31,,72.0
11949,USC00519523,2016-12-01,0.16,76.0
11950,USC00519523,2016-12-02,0.01,75.0
11951,USC00519523,2016-12-03,0.02,75.0
11952,USC00519523,2016-12-04,0.32,75.0
11953,USC00519523,2016-12-05,0.45,70.0
11954,USC00519523,2016-12-06,0.0,70.0
11955,USC00519523,2016-12-07,0.07,74.0
11956,USC00519523,2016-12-08,0.01,73.0
11957,USC00519523,2016-12-10,,72.0
11958,USC00519523,2016-12-11,0.06,78.0
11959,USC00519523,2016-12-12,0.0,67.0
11960,USC00519523,2016-12-13,0.15,69.0
11961,USC00519523,2016-12-14,0.05,71.0
11962,USC00519523,2016-12-15,0.0,74.0
11963,USC00519523,2016-12-16,0.0,63.0
11964,USC00519523,2016-12-17,0.16,76.0
11965,USC00519523,2016-12-18,0.27,76.0
11966,USC00519523,2016-12-19,0.02,71.0
11967,USC00519523,2016-12-20,0.01,76.0
11968,USC00519523,2016-12-21,0.06,77.0
11969,USC00519523,2016-12-22,0.14,73.0
11970,USC00519523,2016-12-23,0.02,71.0
11971,USC00519523,2016-12-24,0.06,78.0
11972,USC00519523,2016-12-25,0.0,78.0
11973,USC00519523,2016-12-26,0.06,75.0
11974,USC00519523,2016-12-27,0.0,75.0
11975,USC00519523,2016-12-28,0.06,72.0
11976,USC00519523,2016-12-29,0.05,77.0
11977,USC00519523,2016-12-30,0.07,72.0
12521,USC00519281,2010-12-01,1.35,72.0
12522,USC00519281,2010-12-02,0.16,71.0
12523,USC00519281,2010-12-03,0.47,72.0
12524,USC00519281,2010-12-04,0.0,74.0
12525,USC00519281,2010-12-05,0.0,66.0
12526,USC00519281,2010-12-06,0.0,61.0
12527,USC00519281,2010-12-07,0.0,58.0
12528,USC00519281,2010-12-08,0.0,60.0
12529,USC00519281,2010-12-09,0.07,71.0
12530,USC00519281,2010-12-10,1.72,65.0
12531,USC00519281,2010-12-11,0.89,72.0
12532,USC00519281,2010-12-12,0.31,70.0
12533,USC00519281,2010-12-13,0.22,68.0
12534,USC00519281,2010-12-14,0.02,67.0
12535,USC00519281,2010-12-15,0.0,71.0
12536,USC00519281,2010-12-16,0.0,65.0
12537,USC00519281,2010-12-17,0.0,64.0
12538,USC00519281,2010-12-18,0.0,65.0
12539,USC00519281,2010-12-19,2.77,69.0
12540,USC00519281,2010-12-20,3.06,70.0
12541,USC00519281,2010-12-21,0.71,70.0
12542,USC00519281,2010-12-22,0.02,68.0
12543,USC00519281,2010-12-23,0.23,69.0
12544,USC00519281,2010-12-24,0.02,71.0
12545,USC00519281,2010-12-25,3.14,70.0
12546,USC00519281,2010-12-26,2.49,71.0
12547,USC00519281,2010-12-27,0.13,76.0
12548,USC00519281,2010-12-28,0.58,71.0
12549,USC00519281,2010-12-29,0.06,72.0
12550,USC00519281,2010-12-30,0.04,73.0
12551,USC00519281,2010-12-31,0.1,77.0
12882,USC00519281,2011-12-01,0.05,67.0
12883,USC00519281,2011-12-02,0.29,69.0
12884,USC00519281,2011-12-03,0.07,72.0
12885,USC00519281,2011-12-04,0.02,74.0
12886,USC00519281,2011-12-05,0.01,71.0
12887,USC00519281,2011-12-06,0.0,70.0
12888,USC00519281,2011-12-07,0.05,68.0
12889,USC00519281,2011-12-08,0.0,70.0
12890,USC00519281,2011-12-09,0.1,66.0
12891,USC00519281,2011-12-10,0.23,72.0
12892,USC00519281,2011-12-11,1.16,70.0
12893,USC00519281,2011-12-12,0.65,70.0
12894,USC00519281,2011-12-13,1.02,70.0
12895,USC00519281,2011-12-14,0.07,70.0
12896,USC00519281,2011-12-15,0.3,73.0
12897,USC00519281,2011-12-16,0.03,71.0
12898,USC00519281,2011-12-17,0.38,69.0
12899,USC00519281,2011-12-18,0.1,73.0
12900,USC00519281,2011-12-19,0.29,72.0
12901,USC00519281,2011-12-20,0.01,71.0
12902,USC00519281,2011-12-21,0.58,69.0
12903,USC00519281,2011-12-22,0.11,70.0
12904,USC00519281,2011-12-23,0.12,69.0
12905,USC00519281,2011-12-24,0.11,70.0
12906,USC00519281,2011-12-25,0.04,75.0
12907,USC00519281,2011-12-26,0.0,71.0
12908,USC00519281,2011-12-27,0.05,70.0
12909,USC00519281,2011-12-28,0.02,69.0
12910,USC00519281,2011-12-29,0.0,71.0
12911,USC00519281,2011-12-30,0.01,65.0
12912,USC00519281,2011-12-31,0.1,67.0
13248,USC00519281,2012-12-01,0.0,72.0
13249,USC00519281,2012-12-02,0.0,67.0
13250,USC00519281,2012-12-03,0.0,76.0
13251,USC00519281,2012-12-04,0.02,67.0
13252,USC00519281,2012-12-05,0.32,72.0
13253,USC00519281,2012-12-06,0.01,69.0
13254,USC00519281,2012-12-07,0.0,66.0
13255,USC00519281,2012-12-08,0.0,75.0
13256,USC00519281,2012-12-09,0.0,74.0
13257,USC00519281,2012-12-10,0.08,72.0
13258,USC00519281,2012-12-11,0.0,72.0
13259,USC00519281,2012-12-12,0.02,72.0
13260,USC00519281,2012-12-13,0.13,68.0
13261,USC00519281,2012-12-14,0.25,74.0
13262,USC00519281,2012-12-15,0.21,73.0
13263,USC00519281,2012-12-16,0.08,73.0
13264,USC00519281,2012-12-17,0.14,72.0
13265,USC00519281,2012-12-18,0.46,70.0
13266,USC00519281,2012-12-19,0.25,70.0
13267,USC00519281,2012-12-20,0.34,71.0
13268,USC00519281,2012-12-21,0.05,70.0
13269,USC00519281,2012-12-22,0.01,72.0
13270,USC00519281,2012-12-23,0.1,65.0
13271,USC00519281,2012-12-24,0.0,62.0
13272,USC00519281,2012-12-25,0.04,73.0
13273,USC00519281,2012-12-26,0.0,71.0
13274,USC00519281,2012-12-27,0.0,70.0
13275,USC00519281,2012-12-28,0.0,62.0
13276,USC00519281,2012-12-29,0.01,69.0
13277,USC00519281,2012-12-30,0.35,69.0
13278,USC00519281,2012-12-31,0.42,66.0
13613,USC00519281,2013-12-01,0.12,72.0
13614,USC00519281,2013-12-02,1.71,73.0
13615,USC00519281,2013-12-03,0.57,70.0
13616,USC00519281,2013-12-04,0.01,66.0
13617,USC00519281,2013-12-05,0.0,64.0
13618,USC00519281,2013-12-06,0.0,65.0
13619,USC00519281,2013-12-07,0.01,73.0
13620,USC00519281,2013-12-08,0.0,74.0
13621,USC00519281,2013-12-09,0.0,67.0
13622,USC00519281,2013-12-10,0.04,73.0
13623,USC00519281,2013-12-11,0.17,70.0
13624,USC00519281,2013-12-12,0.03,67.0
13625,USC00519281,2013-12-13,0.04,71.0
13626,USC00519281,2013-12-14,0.08,78.0
13627,USC00519281,2013-12-15,0.06,69.0
13628,USC00519281,2013-12-16,1.97,63.0
13629,USC00519281,2013-12-17,0.02,64.0
13630,USC00519281,2013-12-18,0.02,66.0
13631,USC00519281,2013-12-19,0.77,69.0
13632,USC00519281,2013-12-20,1.14,69.0
13633,USC00519281,2013-12-21,0.07,71.0
13634,USC00519281,2013-12-22,0.03,72.0
13635,USC00519281,2013-12-23,0.06,69.0
13636,USC00519281,2013-12-24,0.09,70.0
13637,USC00519281,2013-12-25,0.03,73.0
13638,USC00519281,2013-12-26,0.05,68.0
13639,USC00519281,2013-12-27,0.01,69.0
13640,USC00519281,2013-12-28,0.01,73.0
13641,USC00519281,2013-12-29,0.0,73.0
13642,USC00519281,2013-12-30,0.0,70.0
13643,USC00519281,2013-12-31,0.08,65.0
13978,USC00519281,2014-12-01,0.0,70.0
13979,USC00519281,2014-12-02,0.0,68.0
13980,USC00519281,2014-12-03,0.41,68.0
13981,USC00519281,2014-12-04,1.56,66.0
13982,USC00519281,2014-12-05,0.04,68.0
13983,USC00519281,2014-12-06,0.63,65.0
13984,USC00519281,2014-12-07,0.01,62.0
13985,USC00519281,2014-12-08,0.0,62.0
13986,USC00519281,2014-12-09,0.0,65.0
13987,USC00519281,2014-12-10,0.0,61.0
13988,USC00519281,2014-12-11,0.21,70.0
13989,USC00519281,2014-12-12,0.07,68.0
13990,USC00519281,2014-12-13,0.01,67.0
13991,USC00519281,2014-12-14,0.13,68.0
13992,USC00519281,2014-12-15,0.0,71.0
13993,USC00519281,2014-12-16,0.08,69.0
13994,USC00519281,2014-12-17,0.07,71.0
13995,USC00519281,2014-12-18,0.11,71.0
13996,USC00519281,2014-12-19,0.08,71.0
13997,USC00519281,2014-12-20,0.0,72.0
13998,USC00519281,2014-12-21,0.0,72.0
13999,USC00519281,2014-12-22,0.0,68.0
14000,USC00519281,2014-12-23,1.07,69.0
14001,USC00519281,2014-12-24,1.1,66.0
14002,USC00519281,2014-12-25,0.36,60.0
14003,USC00519281,2014-12-26,0.0,63.0
14004,USC00519281,2014-12-27,0.0,68.0
14005,USC00519281,2014-12-28,0.0,64.0
14006,USC00519281,2014-12-29,0.0,63.0
14007,USC00519281,2014-12-30,0.0,63.0
14008,USC00519281,2014-12-31,0.66,59.0
14342,USC00519281,2015-12-01,0.02,73.0
14343,USC00519281,2015-12-02,0.02,74.0
14344,USC00519281,2015-12-03,0.22,75.0
14345,USC00519281,2015-12-04,0.03,75.0
14346,USC00519281,2015-12-05,0.0,70.0
14347,USC00519281,2015-12-06,0.1,72.0
14348,USC00519281,2015-12-07,0.02,69.0
14349,USC00519281,2015-12-08,0.02,68.0
14350,USC00519281,2015-12-09,0.08,74.0
14351,USC00519281,2015-12-10,0.1,72.0
14352,USC00519281,2015-12-11,0.15,75.0
14353,USC00519281,2015-12-12,0.31,79.0
14354,USC00519281,2015-12-13,0.03,69.0
14355,USC00519281,2015-12-14,0.13,67.0
14356,USC00519281,2015-12-15,0.35,73.0
14357,USC00519281,2015-12-16,0.03,74.0
14358,USC00519281,2015-12-17,0.09,75.0
14359,USC00519281,2015-12-18,0.17,72.0
14360,USC00519281,2015-12-19,0.13,76.0
14361,USC00519281,2015-12-20,0.05,74.0
14362,USC00519281,2015-12-21,0.15,75.0
14363,USC00519281,2015-12-22,0.04,74.0
14364,USC00519281,2015-12-23,0.1,74.0
14365,USC00519281,2015-12-24,0.45,76.0
14366,USC00519281,2015-12-25,0.47,74.0
14367,USC00519281,2015-12-26,0.22,75.0
14368,USC00519281,2015-12-27,0.8,75.0
14369,USC00519281,2015-12-28,0.0,73.0
14370,USC00519281,2015-12-29,0.16,76.0
14371,USC00519281,2015-12-30,0.5,74.0
14372,USC00519281,2015-12-31,0.09,73.0
14708,USC00519281,2016-12-01,0.37,74.0
14709,USC00519281,2016-12-02,0.35,70.0
14710,USC00519281,2016-12-03,0.77,72.0
14711,USC00519281,2016-12-04,0.04,70.0
14712,USC00519281,2016-12-05,0.22,67.0
14713,USC00519281,2016-12-06,0.0,67.0
14714,USC00519281,2016-12-07,0.12,69.0
14715,USC00519281,2016-12-08,0.07,70.0
14716,USC00519281,2016-12-09,0.31,68.0
14717,USC00519281,2016-12-10,0.02,69.0
14718,USC00519281,2016-12-11,0.0,69.0
14719,USC00519281,2016-12-12,0.0,66.0
14720,USC00519281,2016-12-13,0.04,65.0
14721,USC00519281,2016-12-14,0.92,68.0
14722,USC00519281,2016-12-15,0.14,62.0
14723,USC00519281,2016-12-16,0.03,75.0
14724,USC00519281,2016-12-17,0.07,70.0
14725,USC00519281,2016-12-18,0.16,69.0
14726,USC00519281,2016-12-19,0.03,76.0
14727,USC00519281,2016-12-20,0.0,76.0
14728,USC00519281,2016-12-21,0.11,74.0
14729,USC00519281,2016-12-22,0.86,73.0
14730,USC00519281,2016-12-23,0.24,71.0
14731,USC00519281,2016-12-24,0.2,74.0
14732,USC00519281,2016-12-25,0.02,74.0
14733,USC00519281,2016-12-26,0.22,72.0
14734,USC00519281,2016-12-27,0.05,71.0
14735,USC00519281,2016-12-28,0.09,72.0
14736,USC00519281,2016-12-29,0.52,74.0
14737,USC00519281,2016-12-30,0.29,69.0
14738,USC00519281,2016-12-31,0.25,67.0
15282,USC00511918,2010-12-01,0.13,70.0
15283,USC00511918,2010-12-02,0.0,74.0
15284,USC00511918,2010-12-03,0.01,74.0
15285,USC00511918,2010-12-04,0.0,75.0
15286,USC00511918,2010-12-05,0.0,69.0
15287,USC00511918,2010-12-06,0.0,65.0
15288,USC00511918,2010-12-07,0.0,66.0
15289,USC00511918,2010-12-08,0.0,68.0
15290,USC00511918,2010-12-09,0.04,77.0
15291,USC00511918,2010-12-10,1.8,65.0
15292,USC00511918,2010-12-11,0.8,72.0
15293,USC00511918,2010-12-12,0.01,65.0
15294,USC00511918,2010-12-13,0.0,66.0
15295,USC00511918,2010-12-14,0.01,74.0
15296,USC00511918,2010-12-15,0.0,66.0
15297,USC00511918,2010-12-16,0.0,63.0
15298,USC00511918,2010-12-17,0.0,63.0
15299,USC00511918,2010-12-18,0.0,69.0
15300,USC00511918,2010-12-19,4.0,69.0
15301,USC00511918,2010-12-20,3.05,73.0
15302,USC00511918,2010-12-21,0.17,72.0
15303,USC00511918,2010-12-22,0.04,68.0
15304,USC00511918,2010-12-23,0.0,67.0
15305,USC00511918,2010-12-24,0.05,69.0
15306,USC00511918,2010-12-25,0.01,74.0
15307,USC00511918,2010-12-26,3.0,72.0
15308,USC00511918,2010-12-27,0.01,76.0
15309,USC00511918,2010-12-28,1.67,70.0
15310,USC00511918,2010-12-29,0.0,73.0
15311,USC00511918,2010-12-30,0.02,70.0
15312,USC00511918,2010-12-31,0.0,76.0
15641,USC00511918,2011-12-01,0.0,66.0
15642,USC00511918,2011-12-02,0.01,69.0
15643,USC00511918,2011-12-03,0.0,69.0
15644,USC00511918,2011-12-04,0.0,70.0
15645,USC00511918,2011-12-05,0.0,71.0
15646,USC00511918,2011-12-06,0.0,73.0
15647,USC00511918,2011-12-07,0.0,65.0
15648,USC00511918,2011-12-08,0.0,71.0
15649,USC00511918,2011-12-09,0.05,65.0
15650,USC00511918,2011-12-10,0.03,75.0
15651,USC00511918,2011-12-11,0.29,72.0
15652,USC00511918,2011-12-12,0.03,74.0
15653,USC00511918,2011-12-13,0.1,67.0
15654,USC00511918,2011-12-14,0.06,65.0
15655,USC00511918,2011-12-15,0.01,68.0
15656,USC00511918,2011-12-16,0.01,66.0
15657,USC00511918,2011-12-17,0.0,73.0
15658,USC00511918,2011-12-18,0.0,74.0
15659,USC00511918,2011-12-19,0.0,76.0
15660,USC00511918,2011-12-20,0.0,72.0
15661,USC00511918,2011-12-21,0.03,69.0
15662,USC00511918,2011-12-22,0.02,71.0
15663,USC00511918,2011-12-23,0.01,70.0
15664,USC00511918,2011-12-24,0.01,70.0
15665,USC00511918,2011-12-25,0.0,73.0
15666,USC00511918,2011-12-26,0.0,71.0
15667,USC00511918,2011-12-27,0.0,76.0
15668,USC00511918,2011-12-28,0.0,72.0
15669,USC00511918,2011-12-29,0.0,77.0
15670,USC00511918,2011-12-30,0.0,70.0
15671,USC00511918,2011-12-31,0.01,65.0
16003,USC00511918,2012-12-02,0.0,72.0
16004,USC00511918,2012-12-03,0.0,75.0
16005,USC00511918,2012-12-04,0.0,68.0
16006,USC00511918,2012-12-05,0.08,72.0
16007,USC00511918,2012-12-06,0.01,64.0
16008,USC00511918,2012-12-07,0.0,75.0
16009,USC00511918,2012-12-08,0.0,69.0
16010,USC00511918,2012-12-09,0.0,80.0
16011,USC00511918,2012-12-10,0.0,73.0
16012,USC00511918,2012-12-11,0.0,73.0
16013,USC00511918,2012-12-12,0.0,73.0
16014,USC00511918,2012-12-13,0.0,72.0
16015,USC00511918,2012-12-14,0.15,73.0
16016,USC00511918,2012-12-15,0.0,75.0
16017,USC00511918,2012-12-16,0.0,76.0
16018,USC00511918,2012-12-17,0.0,74.0
16019,USC00511918,2012-12-18,0.02,72.0
16020,USC00511918,2012-12-19,0.0,72.0
16021,USC00511918,2012-12-20,0.0,70.0
16022,USC00511918,2012-12-21,0.0,70.0
16023,USC00511918,2012-12-22,0.01,71.0
16024,USC00511918,2012-12-23,0.0,61.0
16025,USC00511918,2012-12-24,0.0,65.0
16026,USC00511918,2012-12-25,0.0,74.0
16027,USC00511918,2012-12-26,0.0,71.0
16028,USC00511918,2012-12-27,0.0,63.0
16029,USC00511918,2012-12-28,0.0,64.0
16030,USC00511918,2012-12-29,0.0,66.0
16031,USC00511918,2012-12-30,0.0,68.0
16032,USC00511918,2012-12-31,0.0,66.0
16365,USC00511918,2013-12-01,0.46,70.0
16366,USC00511918,2013-12-02,0.87,68.0
16367,USC00511918,2013-12-03,0.0,68.0
16368,USC00511918,2013-12-04,0.01,66.0
16369,USC00511918,2013-12-05,0.01,75.0
16370,USC00511918,2013-12-06,0.0,67.0
16371,USC00511918,2013-12-07,0.0,70.0
16372,USC00511918,2013-12-08,0.0,72.0
16373,USC00511918,2013-12-09,0.0,69.0
16374,USC00511918,2013-12-10,0.0,72.0
16375,USC00511918,2013-12-11,0.0,69.0
16376,USC00511918,2013-12-12,0.02,65.0
16377,USC00511918,2013-12-13,0.0,71.0
16378,USC00511918,2013-12-14,0.0,73.0
16379,USC00511918,2013-12-15,0.06,69.0
16380,USC00511918,2013-12-16,2.4,69.0
16381,USC00511918,2013-12-17,0.01,63.0
16382,USC00511918,2013-12-18,0.01,63.0
16383,USC00511918,2013-12-19,0.05,71.0
16384,USC00511918,2013-12-20,0.0,79.0
16385,USC00511918,2013-12-21,0.0,67.0
16386,USC00511918,2013-12-22,0.0,67.0
16387,USC00511918,2013-12-23,0.08,64.0
16388,USC00511918,2013-12-24,0.0,63.0
16389,USC00511918,2013-12-25,0.0,68.0
16390,USC00511918,2013-12-26,0.0,77.0
16391,USC00511918,2013-12-27,0.0,79.0
16392,USC00511918,2013-12-28,0.0,74.0
16393,USC00511918,2013-12-29,0.0,68.0
16394,USC00511918,2013-12-30,0.0,64.0
16719,USC00511918,2014-12-01,0.0,70.0
16720,USC00511918,2014-12-02,0.0,62.0
16721,USC00511918,2014-12-03,0.17,68.0
16722,USC00511918,2014-12-04,0.09,67.0
16723,USC00511918,2014-12-05,0.0,70.0
16724,USC00511918,2014-12-06,0.0,66.0
16725,USC00511918,2014-12-07,0.0,64.0
16726,USC00511918,2014-12-08,0.01,62.0
16727,USC00511918,2014-12-09,0.0,64.0
16728,USC00511918,2014-12-10,0.0,63.0
16729,USC00511918,2014-12-11,0.01,69.0
16730,USC00511918,2014-12-12,0.0,64.0
16731,USC00511918,2014-12-14,,70.0
16732,USC00511918,2014-12-15,0.0,72.0
16733,USC00511918,2014-12-16,0.0,72.0
16734,USC00511918,2014-12-17,0.03,64.0
16735,USC00511918,2014-12-18,0.0,71.0
16736,USC00511918,2014-12-19,0.0,68.0
16737,USC00511918,2014-12-20,0.0,81.0
16738,USC00511918,2014-12-21,0.0,78.0
16739,USC00511918,2014-12-22,0.01,69.0
16740,USC00511918,2014-12-23,0.1,72.0
16741,USC00511918,2014-12-24,0.0,70.0
16742,USC00511918,2014-12-25,0.0,62.0
16743,USC00511918,2014-12-26,0.0,76.0
16744,USC00511918,2014-12-27,0.0,72.0
16745,USC00511918,2014-12-28,0.0,76.0
16746,USC00511918,2014-12-29,0.0,57.0
16747,USC00511918,2014-12-30,0.0,64.0
16748,USC00511918,2014-12-31,0.7,57.0
17258,USC00516128,2010-12-01,1.48,71.0
17259,USC00516128,2010-12-02,0.18,70.0
17260,USC00516128,2010-12-03,1.59,67.0
17261,USC00516128,2010-12-04,0.19,77.0
17262,USC00516128,2010-12-05,0.0,69.0
17263,USC00516128,2010-12-06,0.0,61.0
17264,USC00516128,2010-12-07,0.0,62.0
17265,USC00516128,2010-12-08,0.0,63.0
17266,USC00516128,2010-12-09,0.0,73.0
17267,USC00516128,2010-12-10,1.86,64.0
17268,USC00516128,2010-12-11,0.58,67.0
17269,USC00516128,2010-12-12,0.45,69.0
17270,USC00516128,2010-12-13,0.18,80.0
17271,USC00516128,2010-12-14,0.0,71.0
17272,USC00516128,2010-12-15,0.0,73.0
17273,USC00516128,2010-12-16,0.0,65.0
17274,USC00516128,2010-12-17,0.0,68.0
17275,USC00516128,2010-12-18,0.0,68.0
17276,USC00516128,2010-12-19,2.15,69.0
17277,USC00516128,2010-12-20,5.04,72.0
17278,USC00516128,2010-12-21,1.44,69.0
17279,USC00516128,2010-12-22,0.04,69.0
17280,USC00516128,2010-12-23,0.0,67.0
17281,USC00516128,2010-12-24,0.15,69.0
17282,USC00516128,2010-12-25,0.0,73.0
17283,USC00516128,2010-12-26,0.99,71.0
17284,USC00516128,2010-12-27,0.02,71.0
17285,USC00516128,2010-12-28,0.04,70.0
17286,USC00516128,2010-12-29,0.19,71.0
17287,USC00516128,2010-12-30,0.3,70.0
17288,USC00516128,2010-12-31,0.01,75.0
17606,USC00516128,2011-12-01,0.16,71.0
17607,USC00516128,2011-12-02,0.46,73.0
17608,USC00516128,2011-12-03,0.11,71.0
17609,USC00516128,2011-12-04,0.03,71.0
17610,USC00516128,2011-12-05,0.22,68.0
17611,USC00516128,2011-12-06,0.12,67.0
17612,USC00516128,2011-12-07,0.26,70.0
17613,USC00516128,2011-12-08,0.53,67.0
17614,USC00516128,2011-12-10,,69.0
17615,USC00516128,2011-12-11,1.35,71.0
17616,USC00516128,2011-12-12,1.71,69.0
17617,USC00516128,2011-12-13,6.42,69.0
17618,USC00516128,2011-12-14,1.37,68.0
17619,USC00516128,2011-12-15,1.18,69.0
17620,USC00516128,2011-12-16,1.09,69.0
17621,USC00516128,2011-12-17,0.63,67.0
17622,USC00516128,2011-12-18,0.3,69.0
17623,USC00516128,2011-12-19,0.87,68.0
17624,USC00516128,2011-12-20,0.16,70.0
17625,USC00516128,2011-12-21,1.52,68.0
17626,USC00516128,2011-12-22,0.27,69.0
17627,USC00516128,2011-12-23,0.42,71.0
17628,USC00516128,2011-12-24,0.8,65.0
17629,USC00516128,2011-12-25,0.58,69.0
17630,USC00516128,2011-12-26,0.05,69.0
17631,USC00516128,2011-12-27,0.06,69.0
17632,USC00516128,2011-12-28,0.06,69.0
17633,USC00516128,2011-12-29,0.0,70.0
17634,USC00516128,2011-12-30,0.05,73.0
17635,USC00516128,2011-12-31,0.25,67.0
17946,USC00516128,2012-12-01,0.0,74.0
17947,USC00516128,2012-12-02,0.01,77.0
17948,USC00516128,2012-12-03,0.0,74.0
17949,USC00516128,2012-12-04,0.0,73.0
17950,USC00516128,2012-12-05,0.04,71.0
17951,USC00516128,2012-12-06,0.0,73.0
17952,USC00516128,2012-12-07,0.0,68.0
17953,USC00516128,2012-12-08,0.01,69.0
17954,USC00516128,2012-12-09,0.04,71.0
17955,USC00516128,2012-12-10,0.12,72.0
17956,USC00516128,2012-12-11,0.0,72.0
17957,USC00516128,2012-12-12,0.24,67.0
17958,USC00516128,2012-12-13,0.44,67.0
17959,USC00516128,2012-12-14,0.72,69.0
17960,USC00516128,2012-12-15,0.44,66.0
17961,USC00516128,2012-12-16,0.48,66.0
17962,USC00516128,2012-12-17,0.54,69.0
17963,USC00516128,2012-12-18,2.25,66.0
17964,USC00516128,2012-12-19,0.34,68.0
17965,USC00516128,2012-12-20,1.8,65.0
17966,USC00516128,2012-12-21,0.67,68.0
17967,USC00516128,2012-12-22,0.12,67.0
17968,USC00516128,2012-12-23,0.0,71.0
17969,USC00516128,2012-12-24,0.0,65.0
17970,USC00516128,2012-12-25,0.0,71.0
17971,USC00516128,2012-12-26,0.21,69.0
17972,USC00516128,2012-12-27,0.02,69.0
17973,USC00516128,2012-12-28,0.0,62.0
17974,USC00516128,2012-12-29,0.0,62.0
17975,USC00516128,2012-12-30,0.1,67.0
17976,USC00516128,2012-12-31,0.04,65.0
18288,USC00516128,2013-12-01,0.14,68.0
18289,USC00516128,2013-12-02,2.02,67.0
18290,USC00516128,2013-12-03,0.15,75.0
18291,USC00516128,2013-12-04,0.0,68.0
18292,USC00516128,2013-12-05,0.0,68.0
18293,USC00516128,2013-12-06,0.0,70.0
18294,USC00516128,2013-12-08,,83.0
18295,USC00516128,2013-12-09,0.0,68.0
18296,USC00516128,2013-12-10,0.35,70.0
18297,USC00516128,2013-12-11,0.37,70.0
18298,USC00516128,2013-12-12,0.09,68.0
18299,USC00516128,2013-12-13,0.39,76.0
18300,USC00516128,2013-12-14,0.54,72.0
18301,USC00516128,2013-12-15,0.01,68.0
18302,USC00516128,2013-12-16,1.13,64.0
18303,USC00516128,2013-12-17,0.0,72.0
18304,USC00516128,2013-12-18,0.03,72.0
18305,USC00516128,2013-12-19,2.0,68.0
18306,USC00516128,2013-12-20,1.02,70.0
18307,USC00516128,2013-12-21,1.14,69.0
18308,USC00516128,2013-12-23,,68.0
18309,USC00516128,2013-12-24,0.03,70.0
18310,USC00516128,2013-12-25,0.41,67.0
18311,USC00516128,2013-12-26,0.14,70.0
18312,USC00516128,2013-12-27,0.0,70.0
18313,USC00516128,2013-12-28,0.03,71.0
18314,USC00516128,2013-12-29,0.47,70.0
18315,USC00516128,2013-12-30,0.02,69.0
18316,USC00516128,2013-12-31,0.0,71.0
18620,USC00516128,2014-12-01,0.0,68.0
18621,USC00516128,2014-12-02,0.07,70.0
18622,USC00516128,2014-12-03,1.82,67.0
18623,USC00516128,2014-12-04,1.41,70.0
18624,USC00516128,2014-12-05,0.0,73.0
18625,USC00516128,2014-12-06,0.11,70.0
18626,USC00516128,2014-12-07,0.0,66.0
18627,USC00516128,2014-12-09,,70.0
18628,USC00516128,2014-12-10,0.0,72.0
18629,USC00516128,2014-12-11,1.09,71.0
18630,USC00516128,2014-12-12,0.83,68.0
18631,USC00516128,2014-12-13,0.0,71.0
18632,USC00516128,2014-12-14,1.75,67.0
18633,USC00516128,2014-12-15,0.55,65.0
18634,USC00516128,2014-12-16,0.58,66.0
18635,USC00516128,2014-12-17,0.8,70.0
18636,USC00516128,2014-12-18,0.21,69.0
18637,USC00516128,2014-12-19,0.51,70.0
18638,USC00516128,2014-12-21,,72.0
18639,USC00516128,2014-12-22,0.59,67.0
18640,USC00516128,2014-12-23,4.03,68.0
18641,USC00516128,2014-12-24,0.4,64.0
18642,USC00516128,2014-12-25,0.03,66.0
18643,USC00516128,2014-12-26,0.0,65.0
18644,USC00516128,2014-12-27,0.0,62.0
18645,USC00516128,2014-12-28,0.0,68.0
18646,USC00516128,2014-12-29,0.0,67.0
18960,USC00516128,2015-12-01,0.03,73.0
18961,USC00516128,2015-12-02,0.08,70.0
18962,USC00516128,2015-12-03,0.57,71.0
18963,USC00516128,2015-12-04,0.01,71.0
18964,USC00516128,2015-12-05,0.05,70.0
18965,USC00516128,2015-12-06,0.05,71.0
18966,USC00516128,2015-12-07,0.04,69.0
18967,USC00516128,2015-12-08,0.12,70.0
18968,USC00516128,2015-12-09,0.36,73.0
18969,USC00516128,2015-12-10,0.9,70.0
18970,USC00516128,2015-12-11,0.13,72.0
18971,USC00516128,2015-12-12,0.21,71.0
18972,USC00516128,2015-12-13,0.0,69.0
18973,USC00516128,2015-12-15,,74.0
18974,USC00516128,2015-12-16,0.07,73.0
18975,USC00516128,2015-12-17,0.43,69.0
18976,USC00516128,2015-12-18,0.59,71.0
18977,USC00516128,2015-12-19,1.19,68.0
18978,USC00516128,2015-12-20,0.43,72.0
18979,USC00516128,2015-12-22,,71.0
18980,USC00516128,2015-12-23,1.56,70.0
18981,USC00516128,2015-12-24,0.01,72.0
18982,USC00516128,2015-12-25,1.19,71.0
18983,USC00516128,2015-12-26,0.81,69.0
18984,USC00516128,2015-12-27,2.21,71.0
18985,USC00516128,2015-12-29,,67.0
18986,USC00516128,2015-12-30,0.03,71.0
18987,USC00516128,2015-12-31,0.1,69.0
19299,USC00516128,2016-12-01,0.72,71.0
19300,USC00516128,2016-12-02,1.27,71.0
19301,USC00516128,2016-12-03,1.62,67.0
19302,USC00516128,2016-12-04,0.31,76.0
19303,USC00516128,2016-12-05,1.6,67.0
19304,USC00516128,2016-12-06,0.0,67.0
19305,USC00516128,2016-12-07,0.02,68.0
19306,USC00516128,2016-12-08,0.03,71.0
19307,USC00516128,2016-12-09,0.42,68.0
19308,USC00516128,2016-12-10,0.04,68.0
19309,USC00516128,2016-12-11,0.13,69.0
19310,USC00516128,2016-12-12,0.01,65.0
19311,USC00516128,2016-12-13,0.09,70.0
19312,USC00516128,2016-12-14,0.33,69.0
19313,USC00516128,2016-12-15,0.03,64.0
19314,USC00516128,2016-12-16,0.0,60.0
19315,USC00516128,2016-12-18,,67.0
19316,USC00516128,2016-12-19,0.15,72.0
19317,USC00516128,2016-12-20,0.0,73.0
19318,USC00516128,2016-12-21,0.55,70.0
19319,USC00516128,2016-12-22,1.24,68.0
19320,USC00516128,2016-12-23,0.83,69.0
19321,USC00516128,2016-12-24,1.08,69.0
19322,USC00516128,2016-12-25,0.38,69.0
19323,USC00516128,2016-12-26,1.48,71.0
19324,USC00516128,2016-12-27,0.14,71.0
19325,USC00516128,2016-12-28,0.14,71.0
19326,USC00516128,2016-12-29,1.03,69.0
19327,USC00516128,2016-12-30,2.37,65.0
19328,USC00516128,2016-12-31,0.9,65.0
